<?xml version="1.0" encoding="UTF-8" ?>
<XMLDB PATH="blocks/page_module/db" VERSION="20100202" COMMENT="XMLDB file for Moodle blocks/page_module"
    xmlns:xsi="http://www.w3.org/2001/XMLSchema-instance"
    xsi:noNamespaceSchemaLocation="../../../lib/xmldb/xmldb.xsd"
>
  <TABLES>
    <TABLE NAME="block_page_module_access" COMMENT="Maps page modules to users so we can individualize page format content">
      <FIELDS>
        <FIELD NAME="id" TYPE="int" LENGTH="10" NOTNULL="true" UNSIGNED="true" SEQUENCE="true" ENUM="false" NEXT="course"/>
        <FIELD NAME="course" TYPE="int" LENGTH="11" NOTNULL="true" UNSIGNED="true" SEQUENCE="false" ENUM="false" PREVIOUS="id" NEXT="userid"/>
        <FIELD NAME="userid" TYPE="int" LENGTH="11" NOTNULL="true" UNSIGNED="true" SEQUENCE="false" ENUM="false" PREVIOUS="course" NEXT="pageitemid"/>
        <FIELD NAME="pageitemid" TYPE="int" LENGTH="11" NOTNULL="true" UNSIGNED="true" SEQUENCE="false" ENUM="false" PREVIOUS="userid" NEXT="hidden"/>
        <FIELD NAME="hidden" TYPE="int" LENGTH="1" NOTNULL="true" UNSIGNED="true" DEFAULT="1" SEQUENCE="false" ENUM="false" PREVIOUS="pageitemid" NEXT="revealtime"/>
        <FIELD NAME="revealtime" TYPE="int" LENGTH="11" NOTNULL="true" UNSIGNED="true" DEFAULT="0" SEQUENCE="false" ENUM="false" PREVIOUS="hidden" NEXT="hidetime"/>
        <FIELD NAME="hidetime" TYPE="int" LENGTH="11" NOTNULL="true" UNSIGNED="true" DEFAULT="0" SEQUENCE="false" ENUM="false" PREVIOUS="revealtime"/>
      </FIELDS>
      <KEYS>
        <KEY NAME="primary" TYPE="primary" FIELDS="id"/>
      </KEYS>
    </TABLE>
  </TABLES>
</XMLDB>